commune,quartier,sous_quartier,cite,village,carrefour,alias_google_maps,type_source,remarque,source
Abobo,,,,Abobo-Té,,Abobo Té,Village fondateur,L'un des 3 villages Ébrié fondateurs de la localité,abidjan_localites_base_donnees.xlsx
Abobo,,,,Abobo-Baoulé,,,Village fondateur,"Village fondateur, créé en 1892",abidjan_localites_base_donnees.xlsx
Abobo,,,,Anonkoua-Kouté,,Anonkoua Kouté,Village,"Village Ébrié ancien (~100 ans), pêche",abidjan_localites_base_donnees.xlsx
Abobo,,,,Djibi,,,Village,Village,abidjan_localites_base_donnees.xlsx
Abobo,,,,Agnissankoi,,,Village,Sous-quartier/village fondé par Agnissan Séka (Akoupé) en 1910,abidjan_localites_base_donnees.xlsx
Abobo,Abobo-Sagbé,,,,,Abobo Derrière Rails,Quartier,"Quartier précaire, sud-ouest d'Abobo",abidjan_localites_base_donnees.xlsx
Abobo,,Sagbé Centre,,,,,Sous-quartier,Sous-quartier de Sagbé,abidjan_localites_base_donnees.xlsx
Abobo,,Sagbé Anté,,,,,Sous-quartier,Sous-quartier de Sagbé,abidjan_localites_base_donnees.xlsx
Abobo,,Sagbé Bocabo,,,,,Sous-quartier,Sous-quartier de Sagbé,abidjan_localites_base_donnees.xlsx
Abobo,,Sagbé Palmeraie,,,,,Sous-quartier,Sous-quartier de Sagbé,abidjan_localites_base_donnees.xlsx
Abobo,,Sagbé Ouran,,,,,Sous-quartier,Sous-quartier de Sagbé,abidjan_localites_base_donnees.xlsx
Abobo,,Sagbé Céleste,,,,Sagbe celeste,Sous-quartier,Sous-quartier de Sagbé,abidjan_localites_base_donnees.xlsx
Abobo,,Sagbé Nord,,,,,Sous-quartier,Extension nord de Sagbé,abidjan_localites_base_donnees.xlsx
Abobo,,Sagbé Sud,,,,,Sous-quartier,Extension sud de Sagbé,abidjan_localites_base_donnees.xlsx
Abobo,Avocatier,,,,,Abobo-Avocatier,Quartier,Nord de la commune,abidjan_localites_base_donnees.xlsx
Abobo,PK18,,,,,PK 18,Quartier,Quartier populaire,abidjan_localites_base_donnees.xlsx
Abobo,N'Dotré,,,,,Ndotré,Quartier,Quartier,abidjan_localites_base_donnees.xlsx
Abobo,,Blankro,,,,,Sous-quartier,"Sous-quartier de N'Dotré, fondé par Elie Jean Blanc (années 1980)",abidjan_localites_base_donnees.xlsx
Abobo,Kennedy,,,,,Kennedy Clouetcha,Quartier,Créé vers 1979,abidjan_localites_base_donnees.xlsx
Abobo,Colatier,,,,,,Quartier,Ancienne plantation de cola,abidjan_localites_base_donnees.xlsx
Abobo,Akéikoi (extension Abobo),,,,,Akeikoi,Quartier,Village à cheval Abobo/Anyama,abidjan_localites_base_donnees.xlsx
Abobo,Agbékoi,,,,,Agbekoi,Quartier,,abidjan_localites_base_donnees.xlsx
Abobo,Anonkoua-Kouté (extension Est/Ouest),,,,,,Quartier,Extension du village,abidjan_localites_base_donnees.xlsx
Abobo,112 Hectares,,,,,,Quartier,Extension planifiée,abidjan_localites_base_donnees.xlsx
Abobo,Banco (Abobo),,,,,,Quartier,Extension,abidjan_localites_base_donnees.xlsx
Abobo,Abobo Nord,,,,,,Quartier,,abidjan_localites_base_donnees.xlsx
Abobo,Abobo Sud,,,,,,Quartier,,abidjan_localites_base_donnees.xlsx
Abobo,Abobo RTI,,,,,,Quartier,,abidjan_localites_base_donnees.xlsx
Abobo,Belleville (Abobo),,,,,,Quartier,,abidjan_localites_base_donnees.xlsx
Abobo,,,Cité Ado,,,,Cité,,abidjan_localites_base_donnees.xlsx
Abobo,,,Cité de la Grâce,,,,Cité,,abidjan_localites_base_donnees.xlsx
Abobo,Cobakro,,,,,,Quartier,,abidjan_localites_base_donnees.xlsx
Abobo,L'Habitat,,,,,,Quartier,,abidjan_localites_base_donnees.xlsx
Abobo,Moni,,,,,,Quartier,,abidjan_localites_base_donnees.xlsx
Abobo,Palmafrique,,,,,Palmafrique V2,Quartier,,abidjan_localites_base_donnees.xlsx
Abobo,Sapa,,,,,,Quartier,,abidjan_localites_base_donnees.xlsx
Abobo,Sofaica,,,,,,Quartier,,abidjan_localites_base_donnees.xlsx
Abobo,Tamini,,,,,,Quartier,,abidjan_localites_base_donnees.xlsx
Abobo,Yapi,,,,,,Quartier,,abidjan_localites_base_donnees.xlsx
Abobo,Biabou,,,,,,Quartier,,abidjan_localites_base_donnees.xlsx
Abobo,Broukoua,,,,,,Quartier,,abidjan_localites_base_donnees.xlsx
Abobo,Étoile,,,,,,Quartier,,abidjan_localites_base_donnees.xlsx
Abobo,Aman,,,,,,Quartier,,abidjan_localites_base_donnees.xlsx
Abobo,Anador,,,,,,Quartier,,abidjan_localites_base_donnees.xlsx
Abobo,Atsin,,,,,,Quartier,,abidjan_localites_base_donnees.xlsx
Abobo,Aboua,,,,,,Quartier,,abidjan_localites_base_donnees.xlsx
Abobo,Kouadjo Kouakou,,,,,,Quartier,,abidjan_localites_base_donnees.xlsx
Adjamé,,,,Bidjan Adjamé,,Adjamèmin,Village fondateur,"Village Bidjan fondateur, nom signifie « la rencontre / le centre » en tchaman",abidjan_localites_base_donnees.xlsx
Adjamé,220 Logements,,,,,220 Lgts,Quartier,Quartier commerçant et résidentiel,abidjan_localites_base_donnees.xlsx
Adjamé,Williamsville,,,,,,Quartier,Quartier au nord d'Adjamé,abidjan_localites_base_donnees.xlsx
Adjamé,Bracodi,,,,,Bracodi Est / Bracodi Ouest,Quartier,,abidjan_localites_base_donnees.xlsx
Adjamé,Bromakoté,,,,,,Quartier,,abidjan_localites_base_donnees.xlsx
Adjamé,Habitat,,,,,,Quartier,,abidjan_localites_base_donnees.xlsx
Adjamé,Humici,,,,,Humicité,Quartier,,abidjan_localites_base_donnees.xlsx
Adjamé,Latin (Quartier Latin),,,,,,Quartier,,abidjan_localites_base_donnees.xlsx
Adjamé,Liberté,,,,,Adjamé Liberté,Quartier,Autour du cinéma Liberté,abidjan_localites_base_donnees.xlsx
Adjamé,Macaci,,,,,,Quartier,,abidjan_localites_base_donnees.xlsx
Adjamé,Pailler,,,,,Paillet,Quartier,,abidjan_localites_base_donnees.xlsx
Adjamé,Quartier Manguier,,,,,,Quartier,,abidjan_localites_base_donnees.xlsx
Adjamé,Saint Michel,,,,,,Quartier,,abidjan_localites_base_donnees.xlsx
Adjamé,Mirador,,,,,,Quartier,,abidjan_localites_base_donnees.xlsx
Adjamé,Marie-Thérèse Houphouët-Boigny,,,,,,Quartier,Quartier autour de la maternité,abidjan_localites_base_donnees.xlsx
Adjamé,Agban (partie Adjamé),,,,,Abidjan-Agban,Quartier,Frontière avec Attécoubé,abidjan_localites_base_donnees.xlsx
Adjamé,Gare Nord (SOTRA),,,,,,Quartier,Zone de gares routières,abidjan_localites_base_donnees.xlsx
Adjamé,Forum des Marchés,,,,,Mairie 1,Quartier,Le plus important des ~9-20 marchés d'Adjamé,abidjan_localites_base_donnees.xlsx
Adjamé,Marché Gouro,,,,,,Quartier,,abidjan_localites_base_donnees.xlsx
Adjamé,INSP (quartier),,,,,,Quartier,"Institut National de la Statistique et de la Promotion, secteur",abidjan_localites_base_donnees.xlsx
Adjamé,Abobo-Adjamé,,,,,,Quartier,Zone frontalière,abidjan_localites_base_donnees.xlsx
Attécoubé,,,,Bidjanté,,Attécoubé (le village),Village fondateur,Village Bidjan fondateur ; « le village d'en bas »,abidjan_localites_base_donnees.xlsx
Attécoubé,,,,Agban Village,,Abidjan Agban,Village,"Village Bidjan, zone de guerre historique du Goto",abidjan_localites_base_donnees.xlsx
Attécoubé,,,,Santé Village,,Abidjan Santé|Bidjan Santé,Village,Village Bidjan,abidjan_localites_base_donnees.xlsx
Attécoubé,,,,Locodjro,,,Village,"Village, port de pêche artisanale",abidjan_localites_base_donnees.xlsx
Attécoubé,,,,Abobo-Doumé,,Abobodoumé,Village,"Village/quartier entre Locodjro et Djindin, port de pêche",abidjan_localites_base_donnees.xlsx
Attécoubé,,Agban Attié,,,,,Sous-quartier,"Secteurs Bawa, Colatier, carrefour Bandji",abidjan_localites_base_donnees.xlsx
Attécoubé,,Attécoubé 3,,,,,Sous-quartier,,abidjan_localites_base_donnees.xlsx
Attécoubé,,Djéné Ecaré,,,,Djéné|Quartier Djéné Ecaré,Sous-quartier,,abidjan_localites_base_donnees.xlsx
Attécoubé,,Santé École,,,,,Sous-quartier,,abidjan_localites_base_donnees.xlsx
Attécoubé,,Santé 3 Résidentiel 1,,,,Mossikro,Sous-quartier,,abidjan_localites_base_donnees.xlsx
Attécoubé,,Santé 3 Résidentiel 2,,,,,Sous-quartier,,abidjan_localites_base_donnees.xlsx
Attécoubé,,Santé 3 Extension,,,,Quartier Sante 2 Mossikro,Sous-quartier,,abidjan_localites_base_donnees.xlsx
Attécoubé,,Fromager,,,,,Sous-quartier,,abidjan_localites_base_donnees.xlsx
Attécoubé,,Déindé,,,,,Sous-quartier,,abidjan_localites_base_donnees.xlsx
Attécoubé,,Asapsu,,,,,Sous-quartier,,abidjan_localites_base_donnees.xlsx
Attécoubé,,Awa,,,,,Sous-quartier,,abidjan_localites_base_donnees.xlsx
Attécoubé,,Jean-Paul II,,,,,Sous-quartier,,abidjan_localites_base_donnees.xlsx
Attécoubé,,Santé Carrefour,,,,,Sous-quartier,,abidjan_localites_base_donnees.xlsx
Attécoubé,,Akélié,,,,,Sous-quartier,,abidjan_localites_base_donnees.xlsx
Attécoubé,,Lackman,,,,,Sous-quartier,,abidjan_localites_base_donnees.xlsx
Attécoubé,,Douagoville,,,,,Sous-quartier,,abidjan_localites_base_donnees.xlsx
Attécoubé,,Camp Douane,,,,,Sous-quartier,,abidjan_localites_base_donnees.xlsx
Attécoubé,,Jérusalem Résidentiel,,,,,Sous-quartier,,abidjan_localites_base_donnees.xlsx
Attécoubé,,Jérusalem 1,,,,,Sous-quartier,,abidjan_localites_base_donnees.xlsx
Attécoubé,,Jérusalem 2,,,,,Sous-quartier,,abidjan_localites_base_donnees.xlsx
Attécoubé,,Jérusalem 3,,,,,Sous-quartier,,abidjan_localites_base_donnees.xlsx
Attécoubé,,Sebroko,,,,Quartier Sebroko,Sous-quartier,Ex-Hôtel Sebroko Frantel,abidjan_localites_base_donnees.xlsx
Attécoubé,,La Paix,,,,Quartier La Paix,Sous-quartier,,abidjan_localites_base_donnees.xlsx
Attécoubé,,Lagune,,,,Quartier Lagune,Sous-quartier,,abidjan_localites_base_donnees.xlsx
Attécoubé,,Espoir,,,,Quartier Espoir,Sous-quartier,,abidjan_localites_base_donnees.xlsx
Attécoubé,,Mosquée,,,,Quartier Mosquée,Sous-quartier,,abidjan_localites_base_donnees.xlsx
Attécoubé,,Saint-Joseph,,,,,Sous-quartier,,abidjan_localites_base_donnees.xlsx
Attécoubé,,École (quartier),,,,Quartier École,Sous-quartier,,abidjan_localites_base_donnees.xlsx
Attécoubé,,Gbebouto,,,,Quartier Gbebouto,Sous-quartier,,abidjan_localites_base_donnees.xlsx
Attécoubé,,Cantonnement Forestier,,,,École forestière,Sous-quartier,,abidjan_localites_base_donnees.xlsx
Attécoubé,,,Cité Fairmont 1,,,,Cité,,abidjan_localites_base_donnees.xlsx
Attécoubé,,,Cité Fairmont 2,,,,Cité,Sanctuaire Notre-Dame d'Afrique,abidjan_localites_base_donnees.xlsx
Attécoubé,,Boribana,,,,,Sous-quartier,Quartier précaire sous le pont de Yopougon,abidjan_localites_base_donnees.xlsx
Attécoubé,,Nimatoulaye,,,,Attécoubé Nimatoulaye,Sous-quartier,,abidjan_localites_base_donnees.xlsx
Attécoubé,,Banco Nord (Attécoubé),,,,,Sous-quartier,,abidjan_localites_base_donnees.xlsx
Attécoubé,,Résidentiel (Attécoubé),,,,Quartier Résidentiel,Sous-quartier,,abidjan_localites_base_donnees.xlsx
Attécoubé,,Dialogue,,,,,Sous-quartier,,abidjan_localites_base_donnees.xlsx
Attécoubé,,Hetilos,,,,,Sous-quartier,,abidjan_localites_base_donnees.xlsx
Attécoubé,,Agoua,,,,,Sous-quartier,,abidjan_localites_base_donnees.xlsx
Attécoubé,,Piment Rouge,,,,,Sous-quartier,,abidjan_localites_base_donnees.xlsx
Attécoubé,,Marché (Attécoubé),,,,Quartier Marché,Sous-quartier,,abidjan_localites_base_donnees.xlsx
Attécoubé,,Quartier Ébrié,,,,,Sous-quartier,,abidjan_localites_base_donnees.xlsx
Attécoubé,,Opéra,,,,,Sous-quartier,,abidjan_localites_base_donnees.xlsx
Cocody,,,,Cocody Village,,,Village,Village Bidjan le plus ancien ; « Cocoly »,abidjan_localites_base_donnees.xlsx
Cocody,,,,Blockosso,,Blockauss|Blokosso,Village,Nom lié au blockhaus français,abidjan_localites_base_donnees.xlsx
Cocody,,,,M'Badon,,M'badon,Village,Rattaché à Cocody en 1980 (ex-Bingerville),abidjan_localites_base_donnees.xlsx
Cocody,,,,M'Pouto,,M'pouto,Village,Rattaché à Cocody en 1980 (ex-Bingerville),abidjan_localites_base_donnees.xlsx
Cocody,,,,Anono,,,Village,Rattaché à Cocody en 1980 (ex-Bingerville) ; issu de la fuite des habitants de Daka,abidjan_localites_base_donnees.xlsx
Cocody,,,,Akouédo,,,Village,Rattaché à Cocody en 1980 (ex-Bingerville),abidjan_localites_base_donnees.xlsx
Cocody,,,,Djorogobité I,,,Village,Village/lotissement,abidjan_localites_base_donnees.xlsx
Cocody,,,,Djorogobité II,,,Village,Village/lotissement,abidjan_localites_base_donnees.xlsx
Cocody,,,,Adjamé Extension (Cocody),,,Village,Village,abidjan_localites_base_donnees.xlsx
Cocody,,,,Bahouakoi,,,Village,Village,abidjan_localites_base_donnees.xlsx
Cocody,,,,Koffakoi (Cocody),,,Village,Village,abidjan_localites_base_donnees.xlsx
Cocody,,Riviera 1,,,,,Secteur,Grand secteur résidentiel,abidjan_localites_base_donnees.xlsx
Cocody,,Riviera 2,,,,,Secteur,,abidjan_localites_base_donnees.xlsx
Cocody,,Riviera 3,,,,,Secteur,,abidjan_localites_base_donnees.xlsx
Cocody,,Riviera 4,,,,,Secteur,,abidjan_localites_base_donnees.xlsx
Cocody,,Riviera 5,,,,,Secteur,,abidjan_localites_base_donnees.xlsx
Cocody,,Riviera Golf 1,,,,,Sous-quartier,,abidjan_localites_base_donnees.xlsx
Cocody,,Riviera Golf 2,,,,,Sous-quartier,,abidjan_localites_base_donnees.xlsx
Cocody,,Riviera M'Badon,,,,,Sous-quartier,,abidjan_localites_base_donnees.xlsx
Cocody,,Riviera Palmeraie,,,,,Sous-quartier,,abidjan_localites_base_donnees.xlsx
Cocody,,Riviera Bonoumin,,,,Bonoumin Est,Sous-quartier,,abidjan_localites_base_donnees.xlsx
Cocody,,Riviera Attoban,,,,Riviera Attoban Zinsou,Sous-quartier,,abidjan_localites_base_donnees.xlsx
Cocody,,Riviera Faya,,,,,Sous-quartier,,abidjan_localites_base_donnees.xlsx
Cocody,,Riviera Beach,,,,,Sous-quartier,,abidjan_localites_base_donnees.xlsx
Cocody,,Riviera Digue de Bonoumin,,,,,Sous-quartier,,abidjan_localites_base_donnees.xlsx
Cocody,,Deux-Plateaux (II Plateaux),,,,Les 2 Plateaux,Secteur,Quartier résidentiel historique et diplomatique,abidjan_localites_base_donnees.xlsx
Cocody,,Vallon (2 Plateaux),,,,Le Vallon|Rue des Jardins,Sous-quartier,Zone commerciale de luxe,abidjan_localites_base_donnees.xlsx
Cocody,,II Plateaux Vallons,,,,,Sous-quartier,,abidjan_localites_base_donnees.xlsx
Cocody,,II Plateaux IAE,,,,,Sous-quartier,,abidjan_localites_base_donnees.xlsx
Cocody,,II Plateaux Est,,,,,Sous-quartier,,abidjan_localites_base_donnees.xlsx
Cocody,,II Plateaux 7e Tranche,,,,,Sous-quartier,,abidjan_localites_base_donnees.xlsx
Cocody,,II Plateaux 8e Tranche,,,,,Sous-quartier,,abidjan_localites_base_donnees.xlsx
Cocody,,II Plateaux Carrefour Zoo,,,,,Sous-quartier,,abidjan_localites_base_donnees.xlsx
Cocody,,II Plateaux Bassin du Vallon,,,,,Sous-quartier,,abidjan_localites_base_donnees.xlsx
Cocody,,Angré,,,,,Secteur,Nom issu du planteur Donatien Angré Kangabri,abidjan_localites_base_donnees.xlsx
Cocody,,Angré Château,,,,,Sous-quartier,,abidjan_localites_base_donnees.xlsx
Cocody,,Angré 7e Tranche,,,,,Sous-quartier,,abidjan_localites_base_donnees.xlsx
Cocody,,Angré 8e Tranche,,,,,Sous-quartier,,abidjan_localites_base_donnees.xlsx
Cocody,,Angré Star,,,,Angré Star 9 B+,Sous-quartier,,abidjan_localites_base_donnees.xlsx
Cocody,,Angré SCI Fandasso,,,,,Sous-quartier,,abidjan_localites_base_donnees.xlsx
Cocody,,Angré Cité Latrille,,,,Manguier 1 et 2,Sous-quartier,,abidjan_localites_base_donnees.xlsx
Cocody,,Beverly-Hills,,,,,Sous-quartier,,abidjan_localites_base_donnees.xlsx
Cocody,,Palmeraie-Extension,,,,,Sous-quartier,,abidjan_localites_base_donnees.xlsx
Cocody,,Cocody Centre,,,,,Secteur,,abidjan_localites_base_donnees.xlsx
Cocody,,Cocody-Ambassades,,,,Cocody Ambassade,Secteur,,abidjan_localites_base_donnees.xlsx
Cocody,,Danga,,,,,Secteur,"Nom issu de « Daka », village exilant les criminels",abidjan_localites_base_donnees.xlsx
Cocody,,La Canebière,,,,Cannebière,Secteur,,abidjan_localites_base_donnees.xlsx
Cocody,,Plateau Dokui,,,,,Secteur,Marché la Paix,abidjan_localites_base_donnees.xlsx
Cocody,,Val-Doyen,,,,,Sous-quartier,,abidjan_localites_base_donnees.xlsx
Cocody,,,Cité des Arts,,,,Cité,,abidjan_localites_base_donnees.xlsx
Cocody,,,Cité des Cadres,,,,Cité,,abidjan_localites_base_donnees.xlsx
Cocody,,Abatta Extension,,,,,Sous-quartier,,abidjan_localites_base_donnees.xlsx
Cocody,,Agban Gendarmerie,,,,,Sous-quartier,,abidjan_localites_base_donnees.xlsx
Cocody,,Génie 2000,,,,Genie 2000,Sous-quartier,,abidjan_localites_base_donnees.xlsx
Cocody,,Sopim Vallon,,,,,Sous-quartier,,abidjan_localites_base_donnees.xlsx
Cocody,Caféiers,,,,,Caféiers 2|Caféiers 3,Quartier,,abidjan_localites_base_donnees.xlsx
Cocody,Bahouakoi / Bessikoi (lotissement),,,,,Lotissement de Bessikoi,Quartier,,abidjan_localites_base_donnees.xlsx
Koumassi,Sicogi (Koumassi),,,,,Koumassi Sicogi|Sicogi Bia Sud|Sicogi I|Sicogi II,Quartier,Quartier résidentiel,abidjan_localites_base_donnees.xlsx
Koumassi,Remblais (Koumassi),,,,,Koumassi Remblais,Quartier,,abidjan_localites_base_donnees.xlsx
Koumassi,Prodomo,,,,,,Quartier,,abidjan_localites_base_donnees.xlsx
Koumassi,,Sopim Prodomo,,,,Sopim,Sous-quartier,Sous-secteur de Prodomo,abidjan_localites_base_donnees.xlsx
Koumassi,Quartier Divo,,,,,Q/Divo,Quartier,Habitat précaire,abidjan_localites_base_donnees.xlsx
Koumassi,Grand Campement,,,,,Campement,Quartier,Habitat précaire,abidjan_localites_base_donnees.xlsx
Koumassi,Aklomiabla,,,,,Akromiabla|Akromianbla,Quartier,"Habitat précaire, quartier Nord-Est",abidjan_localites_base_donnees.xlsx
Koumassi,Zoé Bruno,,,,,,Quartier,Habitat précaire,abidjan_localites_base_donnees.xlsx
Koumassi,Sobrici,,,,,,Quartier,Habitat précaire,abidjan_localites_base_donnees.xlsx
Koumassi,Yapokro,,,,,,Quartier,Habitat précaire (secteur Prodomo),abidjan_localites_base_donnees.xlsx
Koumassi,Houphouët-Boigny 1,,,,,,Quartier,Habitat précaire,abidjan_localites_base_donnees.xlsx
Koumassi,Houphouët-Boigny 2,,,,,,Quartier,Habitat précaire,abidjan_localites_base_donnees.xlsx
Koumassi,Soweto,,,,,,Quartier,Habitat précaire (secteur Prodomo),abidjan_localites_base_donnees.xlsx
Koumassi,Zone Industrielle (Koumassi),,,,,,Quartier,,abidjan_localites_base_donnees.xlsx
Koumassi,Camp Commando,,,,,,Quartier,,abidjan_localites_base_donnees.xlsx
Marcory,,,,Anoumabo,,,Village,"Village Ébrié, siège du FEMUA / Magic System",abidjan_localites_base_donnees.xlsx
Marcory,,,,Abia-Koumassi,,,Village,Village,abidjan_localites_base_donnees.xlsx
Marcory,,,,Abia-Abéty,,Abia-Abety,Village,Village,abidjan_localites_base_donnees.xlsx
Marcory,Résidentiel (Marcory),,,,,Marcory Résidentiel,Quartier,Quartier chic,abidjan_localites_base_donnees.xlsx
Marcory,Marie Koré,,,,,,Quartier,,abidjan_localites_base_donnees.xlsx
Marcory,Champroux,,,,,,Quartier,Stade Robert Champroux à proximité,abidjan_localites_base_donnees.xlsx
Marcory,Gnanzoua,,,,,,Quartier,,abidjan_localites_base_donnees.xlsx
Marcory,Kablan Brou Fulgence,,,,,KBF,Quartier,,abidjan_localites_base_donnees.xlsx
Marcory,Hibiscus,,,,,,Quartier,,abidjan_localites_base_donnees.xlsx
Marcory,Konan Raphaël,,,,,,Quartier,,abidjan_localites_base_donnees.xlsx
Marcory,Jean-Baptiste Mockey,,,,,,Quartier,,abidjan_localites_base_donnees.xlsx
Marcory,Adeimin,,,,,,Quartier,,abidjan_localites_base_donnees.xlsx
Marcory,Biétry,,,,,Bietry,Quartier,"Quartier huppé, vie nocturne (Marcory Zone 4 – Biétry)",abidjan_localites_base_donnees.xlsx
Marcory,Zone 4,,,,,Marcory Zone 4|Zone 4A|4B|4C|4D,Quartier,"Quartier d'affaires et de nuit, « Red Light District » à Biétry",abidjan_localites_base_donnees.xlsx
Marcory,Aliodan,,,,,,Quartier,Quartier populaire derrière Anoumabo,abidjan_localites_base_donnees.xlsx
Marcory,Sans-Fils,,,,,Sans-Fil,Quartier,,abidjan_localites_base_donnees.xlsx
Marcory,Remblais (Marcory),,,,,,Quartier,,abidjan_localites_base_donnees.xlsx
Marcory,Sicogi (Marcory),,,,,,Quartier,,abidjan_localites_base_donnees.xlsx
Marcory,Citelcom,,,,,Djèbidjè,Quartier,,abidjan_localites_base_donnees.xlsx
Marcory,CETAO,,,,,,Quartier,,abidjan_localites_base_donnees.xlsx
Plateau,Plateau Centre / Zone des affaires,,,,,Le Petit Paris|Le Petit Manhattan,Quartier,Cœur des affaires et de l'administration,abidjan_localites_base_donnees.xlsx
Plateau,Cité Administrative,,,,,,Quartier,Ensemble de tours administratives (achevé 1984),abidjan_localites_base_donnees.xlsx
Plateau,Indénié,,,,,Indénie,Quartier,Quartier,abidjan_localites_base_donnees.xlsx
Plateau,Sorbonne (Plateau),,,,,,Quartier,Ancien forum de discussion politique de rue,abidjan_localites_base_donnees.xlsx
Plateau,Quartier Ferroviaire,,,,,,Quartier,"Autour de la gare, terminus Abidjan-Niger",abidjan_localites_base_donnees.xlsx
Plateau,Quai Fruitier,,,,,QB1|QB2,Quartier,,abidjan_localites_base_donnees.xlsx
Plateau,Rue du Commerce,,,,,,Quartier,,abidjan_localites_base_donnees.xlsx
Port-Bouët,,,,Abouabou,,,Village,Village,abidjan_localites_base_donnees.xlsx
Port-Bouët,,,,Mafiblé 1,,Maffible 1,Village,Village,abidjan_localites_base_donnees.xlsx
Port-Bouët,,,,Mafiblé 2,,Maffible 2,Village,Village,abidjan_localites_base_donnees.xlsx
Port-Bouët,,,,Adjahui-Coubé,,Adjahui-Nanmoué,Village,Village,abidjan_localites_base_donnees.xlsx
Port-Bouët,,,,Amangoua-Koi,,,Village,Village,abidjan_localites_base_donnees.xlsx
Port-Bouët,,,,Bénogosso,,Benegosso,Village,Village,abidjan_localites_base_donnees.xlsx
Port-Bouët,,,,Anani,,Anani Amanou,Village,Village,abidjan_localites_base_donnees.xlsx
Port-Bouët,,,,Agbabou,,,Village,Village,abidjan_localites_base_donnees.xlsx
Port-Bouët,,,,Petit-Bassam,,,Village,Village,abidjan_localites_base_donnees.xlsx
Port-Bouët,,,,Ako Brakré,,Ako Brakre,Village,Village,abidjan_localites_base_donnees.xlsx
Port-Bouët,,,,Ellokro,,,Village,Village,abidjan_localites_base_donnees.xlsx
Port-Bouët,,,,Kaotré,,Kaotri,Village,Village,abidjan_localites_base_donnees.xlsx
Port-Bouët,,,,Abrogouama Village,,,Village,Village,abidjan_localites_base_donnees.xlsx
Port-Bouët,,,,N'Guessankro,,,Village,Village,abidjan_localites_base_donnees.xlsx
Port-Bouët,,,,Anlèya,,Alladjan,Village,Village,abidjan_localites_base_donnees.xlsx
Port-Bouët,Vridi,,,,,,Quartier,Zone portuaire et industrielle,abidjan_localites_base_donnees.xlsx
Port-Bouët,,Vridi Village,,,,,Sous-quartier,,abidjan_localites_base_donnees.xlsx
Port-Bouët,,Vridi Canal,,,,Vridi-Canal-SIR,Sous-quartier,Raffinerie SIR,abidjan_localites_base_donnees.xlsx
Port-Bouët,,Vridi Ako,,,,,Sous-quartier,,abidjan_localites_base_donnees.xlsx
Port-Bouët,,Vridi Cité,,,,,Sous-quartier,,abidjan_localites_base_donnees.xlsx
Port-Bouët,,Vridi 3,,,,,Sous-quartier,,abidjan_localites_base_donnees.xlsx
Port-Bouët,,Vridi Gendarmerie,,,,,Sous-quartier,,abidjan_localites_base_donnees.xlsx
Port-Bouët,,Vridi Chapelle,,,,CIE Plage,Sous-quartier,,abidjan_localites_base_donnees.xlsx
Port-Bouët,,Vridi École,,,,,Sous-quartier,,abidjan_localites_base_donnees.xlsx
Port-Bouët,,Vridi Foyer,,,,,Sous-quartier,,abidjan_localites_base_donnees.xlsx
Port-Bouët,Adjouffou 1,,,,,,Quartier,Quartier lié à la construction de l'aéroport,abidjan_localites_base_donnees.xlsx
Port-Bouët,Adjouffou 2,,,,,,Quartier,,abidjan_localites_base_donnees.xlsx
Port-Bouët,Derrière Wharf,,,,,Derrière Warf|Derrière Whaff,Quartier,Créé pour les ouvriers de la construction du wharf,abidjan_localites_base_donnees.xlsx
Port-Bouët,Gonzagueville,,,,,Gonzague,Quartier,,abidjan_localites_base_donnees.xlsx
Port-Bouët,Jean-Folly,,,,,Janfoldi,Quartier,Du nom du fondateur Folly Jean,abidjan_localites_base_donnees.xlsx
Port-Bouët,Toviato,,,,,,Quartier,« la cabane près de la petite eau »,abidjan_localites_base_donnees.xlsx
Port-Bouët,Aéroport (quartier),,,,,Aéroportuaire|Logements,Quartier,Autour de l'aéroport FHB,abidjan_localites_base_donnees.xlsx
Port-Bouët,Belleville (Port-Bouët),,,,,,Quartier,,abidjan_localites_base_donnees.xlsx
Port-Bouët,Océan,,,,,,Quartier,,abidjan_localites_base_donnees.xlsx
Port-Bouët,Phare,,,,,,Quartier,,abidjan_localites_base_donnees.xlsx
Port-Bouët,Espoir (Port-Bouët),,,,,Centre Espoir,Quartier,,abidjan_localites_base_donnees.xlsx
Port-Bouët,Mairie (quartier),,,,,,Quartier,,abidjan_localites_base_donnees.xlsx
Port-Bouët,Sogefiha (Port-Bouët),,,,,,Quartier,,abidjan_localites_base_donnees.xlsx
Port-Bouët,Hôpital (quartier),,,,,,Quartier,,abidjan_localites_base_donnees.xlsx
Port-Bouët,Jéricho,,,,,,Quartier,,abidjan_localites_base_donnees.xlsx
Port-Bouët,Marché (Port-Bouët),,,,,,Quartier,,abidjan_localites_base_donnees.xlsx
Port-Bouët,Port-Bouët 4,,,,,,Quartier,,abidjan_localites_base_donnees.xlsx
Port-Bouët,Lycée (quartier),,,,,,Quartier,,abidjan_localites_base_donnees.xlsx
Port-Bouët,Nogbou,,,,,,Quartier,,abidjan_localites_base_donnees.xlsx
Port-Bouët,Silove,,,,,,Quartier,,abidjan_localites_base_donnees.xlsx
Port-Bouët,Sipim,,,,,,Quartier,,abidjan_localites_base_donnees.xlsx
Port-Bouët,Céleste (Port-Bouët),,,,,,Quartier,,abidjan_localites_base_donnees.xlsx
Port-Bouët,Casier,,,,,,Quartier,,abidjan_localites_base_donnees.xlsx
Port-Bouët,Siaba,,,,,,Quartier,,abidjan_localites_base_donnees.xlsx
Port-Bouët,Santé (Port-Bouët),,,,,,Quartier,,abidjan_localites_base_donnees.xlsx
Port-Bouët,Chapelle (quartier),,,,,,Quartier,,abidjan_localites_base_donnees.xlsx
Port-Bouët,Cévenole,,,,,,Quartier,,abidjan_localites_base_donnees.xlsx
Port-Bouët,Commissariat (quartier),,,,,,Quartier,,abidjan_localites_base_donnees.xlsx
Port-Bouët,Bloc 500,,,,,Iroh Bloc 500,Quartier,,abidjan_localites_base_donnees.xlsx
Port-Bouët,CNRA V1,,,,,,Quartier,,abidjan_localites_base_donnees.xlsx
Port-Bouët,CNRA V2,,,,,,Quartier,,abidjan_localites_base_donnees.xlsx
Port-Bouët,Abattoir,,,,,Abattoir 1|2|3,Quartier,Abattoir municipal / District,abidjan_localites_base_donnees.xlsx
Port-Bouët,Camp Douane (Port-Bouët),,,,,,Quartier,,abidjan_localites_base_donnees.xlsx
Treichville,,,,Dugbéyo,,,Village fondateur,"Village Ébrié Bidjan fondateur, déplacé lors de la construction du chemin de fer",abidjan_localites_base_donnees.xlsx
Treichville,Arras,,,,,,Quartier,,abidjan_localites_base_donnees.xlsx
Treichville,Biafra,,,,,,Quartier,,abidjan_localites_base_donnees.xlsx
Treichville,Belleville (Treichville),,,,,,Quartier,,abidjan_localites_base_donnees.xlsx
Treichville,Zone 2b,,,,,,Quartier,,abidjan_localites_base_donnees.xlsx
Treichville,Zone 3,,,,,,Quartier,Zone commerçante (rue 12),abidjan_localites_base_donnees.xlsx
Treichville,Nanan Yamousso,,,,,,Quartier,,abidjan_localites_base_donnees.xlsx
Treichville,Quartier France-Amérique,,,,,,Quartier,,abidjan_localites_base_donnees.xlsx
Treichville,Cité Policière,,,,,Cité policière du Pont FHB,Quartier,,abidjan_localites_base_donnees.xlsx
Treichville,Cité Douanière,,,,,,Quartier,,abidjan_localites_base_donnees.xlsx
Treichville,Cité du Port,,,,,,Quartier,,abidjan_localites_base_donnees.xlsx
Treichville,Avenue 21 / Petit marché,,,,,,Quartier,Zone de marché,abidjan_localites_base_donnees.xlsx
Yopougon,,,,Azito,,Azito Village,Village,"Village, centrale électrique à proximité",abidjan_localites_base_donnees.xlsx
Yopougon,,,,Andokoi,,,Village,Village / quartier,abidjan_localites_base_donnees.xlsx
Yopougon,,,,Kouté,,Kouté village,Village,Village,abidjan_localites_base_donnees.xlsx
Yopougon,,,,Lokoua,,Niangon Lokoa,Village,Village,abidjan_localites_base_donnees.xlsx
Yopougon,,,,Béago,,,Village,Village,abidjan_localites_base_donnees.xlsx
Yopougon,,,,Attié (Yopougon),,Yopougon-Attié,Village,Village,abidjan_localites_base_donnees.xlsx
Yopougon,Sicogi (Yopougon),,,,,,Quartier,Quartier résidentiel construit ~1970,abidjan_localites_base_donnees.xlsx
Yopougon,Sogefiha (Yopougon),,,,,,Quartier,Quartier résidentiel,abidjan_localites_base_donnees.xlsx
Yopougon,Selmer,,,,,,Quartier,Quartier construit ~1970,abidjan_localites_base_donnees.xlsx
Yopougon,,Niangon,,,,,Secteur,Grand secteur résidentiel,abidjan_localites_base_donnees.xlsx
Yopougon,,Niangon Nord,,,,,Sous-quartier,,abidjan_localites_base_donnees.xlsx
Yopougon,,Niangon Sud,,,,,Sous-quartier,,abidjan_localites_base_donnees.xlsx
Yopougon,,Niangon à droite,,,,,Sous-quartier,,abidjan_localites_base_donnees.xlsx
Yopougon,,Niangon à gauche,,,,,Sous-quartier,,abidjan_localites_base_donnees.xlsx
Yopougon,,Niangon Adjamé,,,,Niangon Adjèmin,Sous-quartier,,abidjan_localites_base_donnees.xlsx
Yopougon,,Niangon Lokoa,,,,,Sous-quartier,,abidjan_localites_base_donnees.xlsx
Yopougon,,Niangon Sud - Sicogi,,,,,Sous-quartier,,abidjan_localites_base_donnees.xlsx
Yopougon,,Niangon Académie,,,,,Sous-quartier,Académie des Sciences et Métiers de la Mer,abidjan_localites_base_donnees.xlsx
Yopougon,Toits-Rouges,,,,,Toit-Rouge,Quartier,,abidjan_localites_base_donnees.xlsx
Yopougon,Sideci,,,,,,Quartier,,abidjan_localites_base_donnees.xlsx
Yopougon,Maroc,,,,,Quartier Maroc,Quartier,,abidjan_localites_base_donnees.xlsx
Yopougon,Wassakara,,,,,,Quartier,Quartier précaire,abidjan_localites_base_donnees.xlsx
Yopougon,Djao Séhi,,,,,Yao Séhi,Quartier,Quartier précaire,abidjan_localites_base_donnees.xlsx
Yopougon,Sicobois,,,,,,Quartier,Quartier précaire (habitat en bois),abidjan_localites_base_donnees.xlsx
Yopougon,Mon Mari M'a Laissé,,,,,,Quartier,Quartier précaire,abidjan_localites_base_donnees.xlsx
Yopougon,Doukouré,,,,,,Quartier,Quartier précaire,abidjan_localites_base_donnees.xlsx
Yopougon,Banco-Nord,,,,,Banco nord,Quartier,Quartier résidentiel,abidjan_localites_base_donnees.xlsx
Yopougon,Banco-Sud,,,,,Banco Sud,Quartier,,abidjan_localites_base_donnees.xlsx
Yopougon,Quartier Millionnaire,,,,,Millionaire,Quartier,,abidjan_localites_base_donnees.xlsx
Yopougon,Cité Verte,,,,,,Quartier,,abidjan_localites_base_donnees.xlsx
Yopougon,Lièvre Rouge,,,,,,Quartier,,abidjan_localites_base_donnees.xlsx
Yopougon,Ananeraie,,,,,,Quartier,,abidjan_localites_base_donnees.xlsx
Yopougon,Gesco,,,,,,Quartier,Zone industrielle / entrée stratégique,abidjan_localites_base_donnees.xlsx
Yopougon,Zone Industrielle (Yopougon),,,,,,Quartier,Plus grande zone industrielle du pays,abidjan_localites_base_donnees.xlsx
Yopougon,Sopim (Yopougon),,,,,Sopim résidentiel,Quartier,,abidjan_localites_base_donnees.xlsx
Yopougon,Attié / Banco 2 / Gare,,,,,Yopougon-Attié,Quartier,,abidjan_localites_base_donnees.xlsx
Yopougon,Andokoi (quartier),,,,,,Quartier,"Quartier populaire, réputation sécuritaire sensible",abidjan_localites_base_donnees.xlsx
Yopougon,Bel Air (Yopougon),,,,,,Quartier,,abidjan_localites_base_donnees.xlsx
Yopougon,Bonikro,,,,,,Quartier,,abidjan_localites_base_donnees.xlsx
Yopougon,Camp Militaire (Yopougon),,,,,,Quartier,,abidjan_localites_base_donnees.xlsx
Yopougon,Fin Goudron,,,,,,Quartier,,abidjan_localites_base_donnees.xlsx
Yopougon,Gare (Yopougon),,,,,,Quartier,,abidjan_localites_base_donnees.xlsx
Yopougon,GFCI,,,,,,Quartier,,abidjan_localites_base_donnees.xlsx
Yopougon,Johnykro,,,,,,Quartier,,abidjan_localites_base_donnees.xlsx
Yopougon,Keneya,,,,,,Quartier,,abidjan_localites_base_donnees.xlsx
Yopougon,Kilomètre 17 (Yopougon),,,,,,Quartier,,abidjan_localites_base_donnees.xlsx
Yopougon,Koweit (Yopougon),,,,,,Quartier,,abidjan_localites_base_donnees.xlsx
Yopougon,Les Pays-Bas,,,,,,Quartier,,abidjan_localites_base_donnees.xlsx
Yopougon,Mamie Adjoua,,,,,,Quartier,,abidjan_localites_base_donnees.xlsx
Yopougon,Moussikro (Yopougon),,,,,,Quartier,,abidjan_localites_base_donnees.xlsx
Yopougon,Nouveau Quartier,,,,,,Quartier,,abidjan_localites_base_donnees.xlsx
Yopougon,Quartier LEM,,,,,,Quartier,,abidjan_localites_base_donnees.xlsx
Yopougon,Quartier Résidentiel (Yopougon),,,,,,Quartier,,abidjan_localites_base_donnees.xlsx
Yopougon,Sable,,,,,,Quartier,,abidjan_localites_base_donnees.xlsx
Yopougon,Audoin (Yopougon),,,,,,Quartier,,abidjan_localites_base_donnees.xlsx
Yopougon,Ficgayo,,,,,,Quartier,Lieu-dit historique près de l'axe du 2e pont,abidjan_localites_base_donnees.xlsx
Yopougon,Siporex,,,,,,Quartier,Gare / lieu-dit,abidjan_localites_base_donnees.xlsx
Yopougon,Saguidiba,,,,,,Quartier,Ancien cinéma / lieu-dit,abidjan_localites_base_donnees.xlsx
Anyama,,,,Akéikoi,,Akeikoi,Village,Village entre Abobo et Anyama,abidjan_localites_base_donnees.xlsx
Anyama,,,,Ahouabo,,Anyama-Ahouabo,Village,Village Gnan/Attié,abidjan_localites_base_donnees.xlsx
Anyama,,,,Anyama-Adjamé,,,Village,Village,abidjan_localites_base_donnees.xlsx
Anyama,,,,Yapokoi,,,Village,Village,abidjan_localites_base_donnees.xlsx
Anyama,,,,Ebimpé,,,Village,Site du Stade Alassane Ouattara,abidjan_localites_base_donnees.xlsx
Anyama,,,,Azaguié-Blida,,,Village,Village,abidjan_localites_base_donnees.xlsx
Anyama,,,,Quatre Croix,,,Village,Village,abidjan_localites_base_donnees.xlsx
Anyama,,,,Thomasset,,,Village,Village,abidjan_localites_base_donnees.xlsx
Anyama,,,,Abbébroukoi,,Abbe broukoi|Abèbroukoi,Village,Village,abidjan_localites_base_donnees.xlsx
Anyama,,,,Anyama-Débarcadère,,,Village,Village,abidjan_localites_base_donnees.xlsx
Anyama,Michelbougou,,,,,,Quartier,Quartier,abidjan_localites_base_donnees.xlsx
Anyama,Anyama Gare,,,,,,Quartier,"Autour de la gare ferroviaire, fondation historique (1905)",abidjan_localites_base_donnees.xlsx
Anyama,Palmeraie (Anyama),,,,,,Quartier,,abidjan_localites_base_donnees.xlsx
Anyama,Zossonkoi,,,,,,Quartier,,abidjan_localites_base_donnees.xlsx
Anyama,Résidentiel (Anyama),,,,,,Quartier,,abidjan_localites_base_donnees.xlsx
Anyama,Schneider,,,,,,Quartier,,abidjan_localites_base_donnees.xlsx
Anyama,Belle-Ville (Anyama),,,,,,Quartier,,abidjan_localites_base_donnees.xlsx
Anyama,Quartier Sylla,,,,,,Quartier,,abidjan_localites_base_donnees.xlsx
Anyama,RAN,,,,,Ran|Ran Extension,Quartier,,abidjan_localites_base_donnees.xlsx
Anyama,CGE,,,,,CEG|CGE Extension,Quartier,,abidjan_localites_base_donnees.xlsx
Anyama,Christiankoi I,,,,,,Quartier,,abidjan_localites_base_donnees.xlsx
Anyama,Christiankoi II,,,,,,Quartier,,abidjan_localites_base_donnees.xlsx
Anyama,Anyama PK18,,,,,,Quartier,,abidjan_localites_base_donnees.xlsx
Anyama,Derrière Rail,,,,,,Quartier,,abidjan_localites_base_donnees.xlsx
Anyama,,,,Anyama-Zansakoi,,Odiennékabougou|Odiennékaïbra,Village,"Village de planteurs Attié, rejoint la voie ferrée en 1923",abidjan_localites_base_donnees.xlsx
Bingerville,,,,Ebrah,,,Village,Village,abidjan_localites_base_donnees.xlsx
Bingerville,,,,Achokoi,,,Village,Village,abidjan_localites_base_donnees.xlsx
Bingerville,,,,Aguien,,Aghien,Village,"Village, lac Aghien",abidjan_localites_base_donnees.xlsx
Bingerville,,,,Akoué Agban Bingerville,,Akouai-Agban,Village,Village,abidjan_localites_base_donnees.xlsx
Bingerville,,,,Akoyaté,,Akoyate,Village,Village,abidjan_localites_base_donnees.xlsx
Bingerville,,,,Brégbo,,Bregbo,Village,Village,abidjan_localites_base_donnees.xlsx
Bingerville,,,,Éloka-Té,,Eloka-Té,Village,Village,abidjan_localites_base_donnees.xlsx
Bingerville,,,,Éloka-To,,Eloka-To,Village,Village,abidjan_localites_base_donnees.xlsx
Bingerville,,,,M'Batto-Bouaké,,M'batto-Bouaké,Village,Village,abidjan_localites_base_donnees.xlsx
Bingerville,,,,Akouédo (Bingerville),,Akouédo-Attié,Village,"Village, partagé avec Cocody historiquement",abidjan_localites_base_donnees.xlsx
Bingerville,,,,Abatta,,Abatta Village,Village,Village côtier,abidjan_localites_base_donnees.xlsx
Bingerville,,,,Akandjé,,,Village,Village,abidjan_localites_base_donnees.xlsx
Bingerville,,,,Adjin,,,Village,"Village, issu de la scission historique du village-mère",abidjan_localites_base_donnees.xlsx
Bingerville,Adjamé Bingerville,,,,,Akwè Djèmin,Quartier,Quartier/village historique,abidjan_localites_base_donnees.xlsx
Bingerville,Adama,,,,,,Quartier,,abidjan_localites_base_donnees.xlsx
Bingerville,Bangui (Bingerville),,,,,,Quartier,,abidjan_localites_base_donnees.xlsx
Bingerville,Carrière 1,,,,,,Quartier,,abidjan_localites_base_donnees.xlsx
Bingerville,Carrière 2,,,,,,Quartier,,abidjan_localites_base_donnees.xlsx
Bingerville,Chantier,,,,,,Quartier,,abidjan_localites_base_donnees.xlsx
Bingerville,,,Cité Adé Mensah,,,Cité Ade Mensa,Cité,,abidjan_localites_base_donnees.xlsx
Bingerville,,,Cité Bénet,,,Cité Benet,Cité,,abidjan_localites_base_donnees.xlsx
Bingerville,,,Cité CIE,,,,Cité,,abidjan_localites_base_donnees.xlsx
Bingerville,,,Cité Hévéa,,,Cité Hevea,Cité,,abidjan_localites_base_donnees.xlsx
Bingerville,,,Cité Marina,,,,Cité,,abidjan_localites_base_donnees.xlsx
Bingerville,,,Cité Olympe,,,Cité Olympe Promogim,Cité,,abidjan_localites_base_donnees.xlsx
Bingerville,,,Cité de la Celle,,,,Cité,,abidjan_localites_base_donnees.xlsx
Bingerville,,,Cité Palma,,,,Cité,,abidjan_localites_base_donnees.xlsx
Bingerville,,,Cité Promogim Athena,,,,Cité,,abidjan_localites_base_donnees.xlsx
Bingerville,Coup de Frein,,,,,,Quartier,,abidjan_localites_base_donnees.xlsx
Bingerville,Gbagba,,,,,Gbagba Extension,Quartier,,abidjan_localites_base_donnees.xlsx
Bingerville,Kessé,,,,,Feh Kessé|Cité Kessé-Féh,Quartier,,abidjan_localites_base_donnees.xlsx
Bingerville,Marché (Bingerville),,,,,,Quartier,,abidjan_localites_base_donnees.xlsx
Bingerville,Blanchon A,,,,,,Quartier,,abidjan_localites_base_donnees.xlsx
Bingerville,Blanchon B,,,,,,Quartier,,abidjan_localites_base_donnees.xlsx
Bingerville,Mitterrand,,,,,,Quartier,,abidjan_localites_base_donnees.xlsx
Bingerville,Paris-Village,,,,,,Quartier,,abidjan_localites_base_donnees.xlsx
Bingerville,Riviéra 6,,,,,Faya - Riviéra 5/6,Quartier,,abidjan_localites_base_donnees.xlsx
Bingerville,Santé (Bingerville),,,,,Akoué Santé,Quartier,,abidjan_localites_base_donnees.xlsx
Bingerville,Santé 2,,,,,Akoue Santé 2,Quartier,,abidjan_localites_base_donnees.xlsx
Bingerville,Sicogi 1,,,,,,Quartier,,abidjan_localites_base_donnees.xlsx
Bingerville,Sicogi 2,,,,,,Quartier,,abidjan_localites_base_donnees.xlsx
Bingerville,Syndicat,,,,,,Quartier,,abidjan_localites_base_donnees.xlsx
Bingerville,Domouégo,,,,,,Quartier,,abidjan_localites_base_donnees.xlsx
Bingerville,Bokate,,,,,,Quartier,,abidjan_localites_base_donnees.xlsx
Bingerville,Ana,,,,,,Quartier,,abidjan_localites_base_donnees.xlsx
Bingerville,Angoran,,,,,Angorankoi,Quartier,,abidjan_localites_base_donnees.xlsx
Bingerville,Ogriville,,,,,,Quartier,,abidjan_localites_base_donnees.xlsx
Bingerville,Mobio,,,,,,Quartier,,abidjan_localites_base_donnees.xlsx
Bingerville,Figuier,,,,,,Quartier,,abidjan_localites_base_donnees.xlsx
Bingerville,,,,Koffakoi,,,Village,Village,abidjan_localites_base_donnees.xlsx
Bingerville,,,,Angorankoi,,,Village,Village,abidjan_localites_base_donnees.xlsx
Bingerville,,,,Amangouakoi,,,Village,Village,abidjan_localites_base_donnees.xlsx
Songon,,,,Songon-Kassemblé,,Songon-Adjamé|Adjèmin,Village,Chef-lieu de la sous-préfecture,abidjan_localites_base_donnees.xlsx
Songon,,,,Songon-Dagbé,,,Village,"Le plus grand village, fusion avec l'ancien Songon-Santé",abidjan_localites_base_donnees.xlsx
Songon,,,,Songon-Agban,,Songon-Agban-Attié 1|Songon-Agban-Attié 2,Village,Centre commercial de Songon,abidjan_localites_base_donnees.xlsx
Songon,,,,Abiaté,,Abiaté 2,Village,Village,abidjan_localites_base_donnees.xlsx
Songon,,,,Nonkouagon,,Anonkouagou,Village,Village,abidjan_localites_base_donnees.xlsx
Songon,,,,Bago,,,Village,Village,abidjan_localites_base_donnees.xlsx
Songon,,,,Guébo,,Guebo,Village,Village,abidjan_localites_base_donnees.xlsx
Songon,,,,Djépoté,,Djepote|Djèpoto Israël,Village,Village,abidjan_localites_base_donnees.xlsx
Songon,,,,Songon-Té,,,Village,Village,abidjan_localites_base_donnees.xlsx
Songon,,,,Songon-M'Brathé,,M'Brathé-Attié,Village,Village,abidjan_localites_base_donnees.xlsx
Songon,,,,Adiapoté,,,Village,Village,abidjan_localites_base_donnees.xlsx
Songon,,,,Audoin-Beugretto,,Audoin-Assadin|Audoin Aeugreto,Village,Village,abidjan_localites_base_donnees.xlsx
Songon,,,,Kossihouen,,,Village,Village,abidjan_localites_base_donnees.xlsx
Songon,Songon Gare,,,,,,Quartier,,abidjan_localites_base_donnees.xlsx
